,index,0
0,film,64
1,movie,62
2,like,46
3,make,29
4,much,27
5,one,26
6,even,24
7,story,20
8,would,19
9,little,19
10,comedy,18
11,funny,18
12,characters,18
13,doesnt,18
14,time,18
15,bad,17
16,first,16
17,way,15
18,movies,15
19,cant,15
20,might,15
21,plot,14
22,enough,14
23,isnt,14
24,never,14
25,feel,13
26,good,13
27,many,12
28,films,12
29,get,12
30,something,12
31,theres,12
32,really,11
33,work,11
34,far,11
35,know,11
36,cast,11
37,makes,11
38,rather,11
39,two,11
40,thriller,11
41,also,10
42,performances,10
43,thats,10
44,find,10
45,despite,10
46,sense,10
47,could,10
48,minutes,9
49,feels,9
50,action,9
51,well,9
52,interesting,9
53,see,9
54,right,9
55,made,9
56,better,9
57,youre,9
58,want,9
59,yet,9
60,full,9
61,dont,9
62,anyone,9
63,great,8
64,review,8
65,drama,8
66,probably,8
67,quite,8
68,pretty,8
69,hard,8
70,big,8
71,director,8
72,latest,8
73,seems,8
74,point,8
75,less,8
76,take,8
77,lot,8
78,jokes,8
79,picture,8
80,seem,8
81,character,8
82,think,7
83,whole,7
84,come,7
85,life,7
86,tries,7
87,falls,7
88,simply,7
89,actors,7
90,ultimately,7
91,violence,7
92,narrative,7
93,script,7
94,thing,7
95,emotional,7
96,maybe,7
97,man,7
98,new,7
99,dead,7
100,nothing,7
101,world,7
102,entertainment,7
103,left,7
104,certainly,7
105,together,7
106,may,7
107,hollywood,7
108,part,7
109,getting,6
110,long,6
111,original,6
112,trying,6
113,sequences,6
114,second,6
115,going,6
116,dark,6
117,though,6
118,fun,6
119,romantic,6
120,best,6
121,political,6
122,gags,6
123,plenty,6
124,screen,6
125,becomes,6
126,times,6
127,takes,6
128,attempt,6
129,why,6
130,exactly,6
131,least,6
132,truly,6
133,humor,6
134,exercise,6
135,forgettable,6
136,unfortunately,6
137,kind,6
138,white,6
139,zombie,6
140,things,6
141,elements,6
142,tale,6
143,keep,6
144,turns,5
145,youll,5
146,another,5
147,experience,5
148,stupid,5
149,ever,5
150,short,5
151,back,5
152,scene,5
153,watching,5
154,offers,5
155,still,5
156,given,5
157,2,5
158,lack,5
159,old,5
160,scary,5
161,performance,5
162,without,5
163,ridiculous,5
164,star,5
165,anything,5
166,place,5
167,laughs,5
168,substance,5
169,instead,5
170,history,5
171,nearly,5
172,laugh,5
173,head,5
174,family,5
175,involved,5
176,moments,5
177,silly,5
178,effort,5
179,boring,5
180,line,5
181,effects,5
182,comes,5
183,genre,5
184,gets,5
185,people,5
186,mostly,5
187,real,4
188,lost,4
189,society,4
190,running,4
191,stars,4
192,got,4
193,epic,4
194,credible,4
195,ones,4
196,barely,4
197,success,4
198,runs,4
199,tension,4
200,summer,4
201,lacks,4
202,art,4
203,look,4
204,merely,4
205,spanish,4
206,cheap,4
207,sometimes,4
208,dramatic,4
209,premise,4
210,side,4
211,book,4
212,deserve,4
213,viewers,4
214,end,4
215,title,4
216,dialogue,4
217,whats,4
218,game,4
219,fails,4
220,say,4
221,tedious,4
222,whose,4
223,based,4
224,version,4
225,piece,4
226,biggest,4
227,parts,4
228,predictable,4
229,melodrama,4
230,miss,4
231,fine,4
232,expected,4
233,job,4
234,failed,4
235,care,4
236,us,4
237,violent,4
238,leading,4
239,low,4
240,plays,4
241,money,4
242,wont,4
243,leads,4
244,clichés,4
245,talent,4
246,final,4
247,word,4
248,especially,4
249,around,4
250,done,4
251,need,4
252,rest,4
253,add,4
254,three,4
255,last,4
256,taking,4
257,content,4
258,heart,4
259,manages,4
260,found,4
261,trash,4
262,ride,4
263,incredibly,4
264,strictly,4
265,worse,4
266,next,4
267,actually,4
268,ultimate,4
269,hours,4
270,attention,4
271,lesson,4
272,mind,4
273,high,4
274,entertaining,4
275,seen,4
276,flick,4
277,outside,4
278,middle,4
279,although,4
280,entirely,4
281,idea,4
282,wonder,4
283,lacking,4
284,situations,3
285,wouldnt,3
286,incomprehensible,3
287,roles,3
288,squanders,3
289,concert,3
290,terrible,3
291,ii,3
292,level,3
293,suspense,3
294,sets,3
295,everyone,3
296,stumbles,3
297,bit,3
298,live,3
299,weight,3
300,strong,3
301,tastes,3
302,wait,3
303,filled,3
304,paul,3
305,offensive,3
306,jack,3
307,watch,3
308,forget,3
309,proves,3
310,overstuffed,3
311,fallen,3
312,daniels,3
313,miserable,3
314,means,3
315,spend,3
316,convoluted,3
317,wasnt,3
318,amusing,3
319,peter,3
320,black,3
321,pointless,3
322,thought,3
323,read,3
324,filmmakers,3
325,comic,3
326,fact,3
327,charming,3
328,formula,3
329,presented,3
330,misfire,3
331,begins,3
332,writerdirector,3
333,memory,3
334,felt,3
335,team,3
336,depressing,3
337,sea,3
338,matter,3
339,fail,3
340,bored,3
341,thrill,3
342,hits,3
343,slasher,3
344,main,3
345,giant,3
346,approach,3
347,moral,3
348,concept,3
349,climax,3
350,points,3
351,help,3
352,perfect,3
353,equally,3
354,storyline,3
355,almost,3
356,unless,3
357,3,3
358,act,3
359,hes,3
360,break,3
361,definitely,3
362,style,3
363,let,3
364,similar,3
365,likely,3
366,away,3
367,city,3
368,heavily,3
369,audience,3
370,promising,3
371,culture,3
372,im,3
373,struggles,3
374,men,3
375,special,3
376,beautiful,3
377,levels,3
378,theyre,3
379,franchise,3
380,john,3
381,writers,3
382,farce,3
383,rescue,3
384,worthwhile,3
385,brilliant,3
386,go,3
387,fate,3
388,message,3
389,worth,3
390,car,3
391,scenes,3
392,hold,3
393,acted,3
394,feature,3
395,turning,3
396,romance,3
397,beyond,3
398,save,3
399,robin,3
400,exciting,3
401,series,3
402,didnt,3
403,engaging,3
404,bloodbath,3
405,mess,3
406,containing,3
407,moving,3
408,talented,3
409,looks,3
410,struggling,3
411,gives,3
412,strange,3
413,personal,3
414,relevance,3
415,suit,3
416,answer,3
417,relationship,3
418,tv,3
419,budget,3
420,otherwise,3
421,completely,3
422,hell,3
423,sequel,3
424,confusing,3
425,wrong,3
426,satire,3
427,candy,3
428,dumb,3
429,america,3
430,state,3
431,except,3
432,cross,3
433,turn,3
434,acting,3
435,perhaps,3
436,years,3
437,absolutely,3
438,either,3
439,home,3
440,role,3
441,xmen,3
442,undeniably,2
443,reality,2
444,name,2
445,instinct,2
446,solid,2
447,often,2
448,neatly,2
449,appealing,2
450,subplots,2
451,ghosts,2
452,fie,2
453,creepy,2
454,considering,2
455,appeal,2
456,ideas,2
457,ways,2
458,terms,2
459,happen,2
460,troubled,2
461,diane,2
462,period,2
463,jurassic,2
464,folks,2
465,partly,2
466,worthy,2
467,flow,2
468,marginally,2
469,undeniable,2
470,making,2
471,horribly,2
472,stunted,2
473,sure,2
474,scum,2
475,virtues,2
476,window,2
477,shadow,2
478,fears,2
479,amid,2
480,edge,2
481,sentimental,2
482,conscious,2
483,keeps,2
484,childish,2
485,fans,2
486,wondering,2
487,missed,2
488,pose,2
489,daniel,2
490,erotic,2
491,focus,2
492,tropes,2
493,thrilling,2
494,looking,2
495,lurches,2
496,shoot,2
497,hitandmiss,2
498,audiences,2
499,toothless,2
500,selfpity,2
501,lives,2
502,mission,2
503,center,2
504,bits,2
505,clean,2
506,inert,2
507,sloppy,2
508,behind,2
509,finding,2
510,stake,2
511,shows,2
512,corny,2
513,liked,2
514,popular,2
515,drives,2
516,closing,2
517,interest,2
518,however,2
519,offset,2
520,thinking,2
521,pastiche,2
522,cool,2
523,giving,2
524,intelligent,2
525,evil,2
526,storytelling,2
527,terrific,2
528,satisfying,2
529,someone,2
530,tonal,2
531,remote,2
532,uneven,2
533,days,2
534,admirable,2
535,genetic,2
536,stories,2
537,hook,2
538,pictures,2
539,play,2
540,disgusting,2
541,loses,2
542,scenery,2
543,complex,2
544,madelines,2
545,faith,2
546,surprise,2
547,schlock,2
548,spot,2
549,reach,2
550,ask,2
551,directed,2
552,different,2
553,cube,2
554,police,2
555,stand,2
556,remake,2
557,supposed,2
558,tvs,2
559,power,2
560,pitched,2
561,american,2
562,wanted,2
563,jason,2
564,company,2
565,locales,2
566,crime,2
567,biopic,2
568,heavyhanded,2
569,couples,2
570,monotony,2
571,effect,2
572,contrived,2
573,modern,2
574,comedians,2
575,contemporary,2
576,trap,2
577,unsuccessfully,2
578,wood,2
579,casts,2
580,holes,2
581,sweet,2
582,ensemble,2
583,feelgood,2
584,exceptional,2
585,heavy,2
586,hundred,2
587,cliches,2
588,passable,2
589,annoying,2
590,tiresome,2
591,mouth,2
592,adaptation,2
593,mishmash,2
594,initial,2
595,nostalgia,2
596,christopher,2
597,illness,2
598,wedding,2
599,touch,2
600,beatles,2
601,went,2
602,shadows,2
603,production,2
604,space,2
605,zombies,2
606,facing,2
607,shot,2
608,bring,2
609,atmospheric,2
610,professional,2
611,direction,2
612,drew,2
613,begin,2
614,liveaction,2
615,structure,2
616,couldnt,2
617,starting,2
618,thoroughly,2
619,flaccid,2
620,steven,2
621,spark,2
622,scooby,2
623,age,2
624,force,2
625,amount,2
626,wish,2
627,comics,2
628,night,2
629,tired,2
630,engrossing,2
631,spy,2
632,monsters,2
633,madeline,2
634,witherspoon,2
635,display,2
636,warm,2
637,visual,2
638,sympathy,2
639,stiffness,2
640,lackluster,2
641,fitfully,2
642,weeks,2
643,poor,2
644,mental,2
645,absurd,2
646,tragic,2
647,underdeveloped,2
648,downright,2
649,classic,2
650,always,2
651,clever,2
652,seeing,2
653,imagine,2
654,disturbing,2
655,credits,2
656,soccer,2
657,else,2
658,chemistry,2
659,legend,2
660,3d,2
661,splashy,2
662,impossible,2
663,five,2
664,coherent,2
665,talk,2
666,food,2
667,carrey,2
668,critics,2
669,danger,2
670,undercooked,2
671,set,2
672,cop,2
673,expect,2
674,clearly,2
675,hotel,2
676,stuck,2
677,friday,2
678,pull,2
679,soul,2
680,derivative,2
681,insubstantial,2
682,unnecessary,2
683,called,2
684,along,2
685,confection,2
686,foster,2
687,biblical,2
688,goes,2
689,explore,2
690,blue,2
691,followup,2
692,failure,2
693,installment,2
694,dutiful,2
695,grotesque,2
696,underwhelming,2
697,offer,2
698,comedies,2
699,teen,2
700,case,2
701,endeavor,2
702,crossed,2
703,value,2
704,reallife,2
705,indeed,2
706,love,2
707,terrorism,2
708,happening,2
709,creative,2
710,halfhearted,2
711,cave,2
712,departed,2
713,lines,2
714,ryan,2
715,grating,2
716,pure,2
717,teenage,2
718,green,2
719,obvious,2
720,match,2
721,vod,2
722,cut,2
723,ive,2
724,p,2
725,parents,2
726,horror,2
727,person,2
728,stuff,2
729,ugly,2
730,profundity,2
731,manipulation,2
732,hart,2
733,desperate,2
734,replete,2
735,enjoy,2
736,relentless,2
737,determined,2
738,russian,2
739,debut,2
740,ability,2
741,motion,2
742,intolerable,2
743,woman,2
744,available,2
745,deal,2
746,meaning,2
747,whatever,2
748,cynical,2
749,ready,2
750,hour,2
751,irritating,2
752,killer,2
753,energy,2
754,tactics,2
755,enjoyable,2
756,soufflé,2
757,court,2
758,aspirations,2
759,worst,2
760,inner,2
761,apocalypse,2
762,necessary,2
763,career,2
764,steps,2
765,computer,2
766,reynolds,2
767,quality,2
768,enthralling,2
769,starts,2
770,alone,2
771,slapstick,2
772,early,2
773,rabbit,2
774,james,2
775,imagination,2
776,wannabe,2
777,unwieldy,2
778,typical,2
779,current,2
780,unsatisfying,2
781,ten,2
782,overall,2
783,silliness,2
784,unlikable,2
785,kristin,2
786,clumsy,2
787,decent,2
788,said,2
789,viewing,2
790,throw,2
791,george,2
792,animated,2
793,wife,2
794,needless,2
795,beginning,2
796,afraid,2
797,wealth,2
798,give,2
799,dress,2
800,milquetoast,2
801,theyve,2
802,fare,2
803,lame,2
804,twists,2
805,problems,2
806,bora,2
807,topnotch,2
808,beat,2
809,prop,2
810,characterizations,2
811,disappointing,2
812,rote,2
813,thin,2
814,guns,2
815,hand,2
816,creepily,2
817,trilogy,2
818,outing,2
819,virtually,2
820,shallow,2
821,masses,2
822,politics,2
823,tolerance,2
824,achievement,2
825,arctic,2
826,loud,2
827,profound,2
828,problem,2
829,screenwriter,2
830,exploration,2
831,suggests,2
832,delivers,2
833,eventually,2
834,raucous,2
835,seemingly,2
836,psychopath,2
837,mark,2
838,brain,2
839,bourne,2
840,robotic,2
841,battle,2
842,dull,2
843,empty,2
844,em,2
845,gradually,2
846,goal,2
847,easily,2
848,none,2
849,joyless,2
850,ends,2
851,jarring,2
852,spectacle,2
853,stellar,2
854,inevitable,2
855,odd,2
856,bloody,2
857,wacky,2
858,must,2
859,genuinely,2
860,entry,2
861,bigger,2
862,natural,2
863,themes,2
864,show,2
865,directorial,2
866,international,2
867,greendale,2
868,miracleworker,2
869,brothers,2
870,twist,2
871,somewhere,2
872,romp,2
873,war,2
874,surely,2
875,halfbaked,2
876,holding,2
877,rambling,2
878,lazy,2
879,mood,2
880,biebers,2
881,narration,2
882,sad,2
883,future,2
884,nice,2
885,every,2
886,kids,2
887,extremely,2
888,crowdpleasing,2
889,fit,2
890,damon,2
891,scripts,2
892,remotely,2
893,couple,2
894,cotton,2
895,horse,2
896,formulaic,2
897,category,2
898,inspired,2
899,capabilities,2
900,rudimentary,2
901,30,2
902,screenplay,2
903,collective,2
904,horrors,2
905,compelling,2
906,base,1
907,witch,1
908,nonexistent,1
909,feline,1
910,cianfrance,1
911,tomorrowland,1
912,de,1
913,responsible,1
914,morally,1
915,sinks,1
916,hopes,1
917,emquote,1
918,swing,1
919,eyes,1
920,mean,1
921,anymore,1
922,hinges,1
923,miscast,1
924,fourleaf,1
925,general,1
926,accounts,1
927,fartooconvenient,1
928,canine,1
929,fishing,1
930,vulgaritya,1
931,aimed,1
932,knuckledraggers,1
933,desolation,1
934,teetering,1
935,80s,1
936,python,1
937,evan,1
938,delivering,1
939,attempts,1
940,gratuitous,1
941,sentimentality,1
942,closures,1
943,apart,1
944,hypertime,1
945,plausible,1
946,recommend,1
947,gory,1
948,mountain,1
949,soderberghs,1
950,icky,1
951,dilemma,1
952,qualms,1
953,respectful,1
954,suicide,1
955,2014,1
956,dance,1
957,compass,1
958,burton,1
959,duo,1
960,pushing,1
961,dons,1
962,father,1
963,measured,1
964,boorish,1
965,arent,1
966,ago,1
967,pantheon,1
968,episodes,1
969,scripting,1
970,overflowing,1
971,shrill,1
972,lucky,1
973,drawn,1
974,creator,1
975,complicated,1
976,villains,1
977,heed,1
978,bromances,1
979,untimely,1
980,incapable,1
981,kosars,1
982,visit,1
983,simpleminded,1
984,eccentricities,1
985,undead,1
986,knew,1
987,migrants,1
988,rocks,1
989,unmemorable,1
990,repugnant,1
991,christmases,1
992,tommy,1
993,bogged,1
994,bodies,1
995,assets,1
996,throwaway,1
997,squeeze,1
998,worn,1
999,liam,1
1000,indiscriminately,1
1001,handful,1
1002,catlady,1
1003,rushed,1
1004,microbe,1
1005,basically,1
1006,heartless,1
1007,carpenters,1
1008,offcolour,1
1009,marketdefined,1
1010,aims,1
1011,attacks,1
1012,seemed,1
1013,lowrent,1
1014,neeson,1
1015,karras,1
1016,send,1
1017,courtesy,1
1018,ethan,1
1019,makeup,1
1020,runyon,1
1021,travails,1
1022,aweinspired,1
1023,engagingly,1
1024,lush,1
1025,simplistic,1
1026,sake,1
1027,tells,1
1028,highquality,1
1029,vaguely,1
1030,proving,1
1031,underused,1
1032,theroux,1
1033,close,1
1034,brad,1
1035,critters,1
1036,watched,1
1037,king,1
1038,mister,1
1039,matthew,1
1040,twice,1
1041,dramatizes,1
1042,spirit,1
1043,expositionbased,1
1044,latter,1
1045,feudal,1
1046,sciencefiction,1
1047,pelican,1
1048,accios,1
1049,hollywoods,1
1050,process,1
1051,wake,1
1052,delusion,1
1053,known,1
1054,alsoran,1
1055,frank,1
1056,flagwaving,1
1057,spare,1
1058,punch,1
1059,misadventures,1
1060,towards,1
1061,atomic,1
1062,london,1
1063,neither,1
1064,preceding,1
1065,friends,1
1066,drunk,1
1067,buttons,1
1068,wisecracks,1
1069,project,1
1070,vehicle,1
1071,loops,1
1072,titled,1
1073,9,1
1074,suitable,1
1075,goodinteresting,1
1076,dampsquib,1
1077,horseshoes,1
1078,nancy,1
1079,lindsay,1
1080,goggins,1
1081,class,1
1082,humane,1
1083,soft,1
1084,factbased,1
1085,insoluble,1
1086,museum,1
1087,sufficiently,1
1088,willis,1
1089,trespass,1
1090,directing,1
1091,video,1
1092,dame,1
1093,squandering,1
1094,pains,1
1095,bore,1
1096,offbalance,1
1097,soon,1
1098,willingness,1
1099,understatement,1
1100,undertones,1
1101,universe,1
1102,astrid,1
1103,rehashes,1
1104,montages,1
1105,45,1
1106,exceedingly,1
1107,nostalgic,1
1108,bala,1
1109,mcconaughey,1
1110,views,1
1111,larsons,1
1112,luc,1
1113,garish,1
1114,tell,1
1115,whites,1
1116,roosevelt,1
1117,cancel,1
1118,victim,1
1119,freddy,1
1120,mansion,1
1121,sergeant,1
1122,insight,1
1123,bulger,1
1124,nauseous,1
1125,clunky,1
1126,superficial,1
1127,erratic,1
1128,nights,1
1129,army,1
1130,emptyheaded,1
1131,certain,1
1132,laws,1
1133,bakay,1
1134,garbage,1
1135,hay,1
1136,toomanysuperheroescrammedinonemovie,1
1137,door,1
1138,awfulness,1
1139,consistently,1
1140,adequate,1
1141,noticeable,1
1142,comfort,1
1143,indifference,1
1144,wander,1
1145,tropicalvacation,1
1146,layered,1
1147,qualities,1
1148,flirts,1
1149,canning,1
1150,mavericks,1
1151,hammering,1
1152,crowne,1
1153,plaza,1
1154,connery,1
1155,separated,1
1156,corn,1
1157,deftly,1
1158,stop,1
1159,americanization,1
1160,inept,1
1161,spread,1
1162,ponderingness,1
1163,90,1
1164,abandon,1
1165,bash,1
1166,distinction,1
1167,stormy,1
1168,device,1
1169,valance,1
1170,dependence,1
1171,displays,1
1172,upstanding,1
1173,ill,1
1174,rap,1
1175,fresh,1
1176,loach,1
1177,stubbornly,1
1178,miscaviges,1
1179,92,1
1180,indulgent,1
1181,extensive,1
1182,sort,1
1183,breakneck,1
1184,amateur,1
1185,bay,1
1186,deeply,1
1187,wohl,1
1188,celebratory,1
1189,niro,1
1190,fourlegged,1
1191,false,1
1192,experiment,1
1193,nuance,1
1194,perpetual,1
1195,among,1
1196,murrays,1
1197,28,1
1198,cowriter,1
1199,stuffed,1
1200,japanese,1
1201,hammy,1
1202,harrowing,1
1203,wearying,1
1204,carolina,1
1205,superpowered,1
1206,requisite,1
1207,2011s,1
1208,captures,1
1209,boggle,1
1210,season,1
1211,overwrought,1
1212,pigment,1
1213,snails,1
1214,virus,1
1215,matured,1
1216,scientology,1
1217,nonprofessional,1
1218,selfcannibalizing,1
1219,nightly,1
1220,uncoupling,1
1221,cinemaverse,1
1222,wry,1
1223,peepee,1
1224,noble,1
1225,recent,1
1226,whether,1
1227,arrive,1
1228,treats,1
1229,hampered,1
1230,wideeyed,1
1231,issue,1
1232,pathetic,1
1233,girl,1
1234,creations,1
1235,kingsman,1
1236,vaughns,1
1237,wave,1
1238,hawke,1
1239,bittersweet,1
1240,sitting,1
1241,factor,1
1242,16yearold,1
1243,seabiscuit,1
1244,holy,1
1245,afloat,1
1246,register,1
1247,parker,1
1248,bonkers,1
1249,hillcoatmccarthy,1
1250,task,1
1251,proudly,1
1252,fluffernutter,1
1253,moulin,1
1254,honeydripper,1
1255,johnson,1
1256,unfunny,1
1257,stomachchurning,1
1258,follows,1
1259,occasionally,1
1260,captivate,1
1261,reasons,1
1262,rabies,1
1263,villain,1
1264,breathe,1
1265,interpretation,1
1266,child,1
1267,colored,1
1268,b,1
1269,psychiatrist,1
1270,mastered,1
1271,adventure,1
1272,appear,1
1273,organic,1
1274,girlongirl,1
1275,pageant,1
1276,excruciating,1
1277,scenerys,1
1278,emotion,1
1279,someday,1
1280,jargoning,1
1281,streets,1
1282,heroics,1
1283,odisha,1
1284,portraying,1
1285,diesel,1
1286,squandered,1
1287,quantities,1
1288,gringo,1
1289,adolescent,1
1290,sunburn,1
1291,spoof,1
1292,small,1
1293,unwatchable,1
1294,resident,1
1295,overly,1
1296,mirrens,1
1297,overthetop,1
1298,unremarkable,1
1299,finish,1
1300,transforming,1
1301,interpreting,1
1302,paranoia,1
1303,showing,1
1304,methodologies,1
1305,sensual,1
1306,osage,1
1307,implausible,1
1308,pack,1
1309,contentiousness,1
1310,revengemovie,1
1311,supporting,1
1312,talberts,1
1313,syndicated,1
1314,finally,1
1315,laverty,1
1316,lampoons,1
1317,tiredness,1
1318,soupedup,1
1319,hokum,1
1320,older,1
1321,significant,1
1322,pervasive,1
1323,storys,1
1324,insurmountable,1
1325,atom,1
1326,england,1
1327,sorry,1
1328,tarnished,1
1329,use,1
1330,transformed,1
1331,lasting,1
1332,enjoyment,1
1333,superheroes,1
1334,emerge,1
1335,rises,1
1336,yawner,1
1337,double,1
1338,brie,1
1339,coupled,1
1340,needlessness,1
1341,literature,1
1342,difference,1
1343,deserves,1
1344,vividly,1
1345,disneys,1
1346,illustration,1
1347,reduces,1
1348,heard,1
1349,inexplicable,1
1350,fellow,1
1351,revenge,1
1352,encourages,1
1353,katharine,1
1354,unsuitable,1
1355,restraint,1
1356,crass,1
1357,square,1
1358,land,1
1359,amalgam,1
1360,pixars,1
1361,familiar,1
1362,clumsiness,1
1363,test,1
1364,enters,1
1365,describe,1
1366,write,1
1367,purports,1
1368,images,1
1369,balletic,1
1370,adventures,1
1371,competitive,1
1372,cinematic,1
1373,values,1
1374,immerse,1
1375,recommendation,1
1376,repetition,1
1377,sugar,1
1378,empowering,1
1379,vapid,1
1380,mold,1
1381,namesake,1
1382,fish,1
1383,pony,1
1384,womb,1
1385,viscerally,1
1386,attitudes,1
1387,spookfest,1
1388,snakes,1
1389,linking,1
1390,jaywalking,1
1391,deeds,1
1392,directs,1
1393,confrontation,1
1394,due,1
1395,amiably,1
1396,hunting,1
1397,heavier,1
1398,mad,1
1399,skies,1
1400,horrible,1
1401,engines,1
1402,jim,1
1403,unconvincing,1
1404,exposure,1
1405,written,1
1406,intimate,1
1407,impersonations,1
1408,pedigree,1
1409,remarkable,1
1410,sincere,1
1411,room,1
1412,schizophrenics,1
1413,conflict,1
1414,solidly,1
1415,countersurveillance,1
1416,13th,1
1417,proactive,1
1418,unimpressive,1
1419,ashley,1
1420,recognizing,1
1421,winds,1
1422,unimposing,1
1423,masquerading,1
1424,soso,1
1425,wears,1
1426,recognize,1
1427,schumer,1
1428,commanding,1
1429,prince,1
1430,countys,1
1431,1949,1
1432,bunkum,1
1433,moviemovie,1
1434,perkins,1
1435,farrelly,1
1436,hide,1
1437,hen,1
1438,lit,1
1439,italian,1
1440,wishing,1
1441,rating,1
1442,channeling,1
1443,ambitious,1
1444,pulp,1
1445,included,1
1446,hammered,1
1447,fanbase,1
1448,blatant,1
1449,strutting,1
1450,cinema,1
1451,hokey,1
1452,stealing,1
1453,fat,1
1454,jesse,1
1455,tracy,1
1456,edition,1
1457,lessons,1
1458,endless,1
1459,impact,1
1460,serious,1
1461,fischer,1
1462,bracketing,1
1463,sequels,1
1464,battles,1
1465,walton,1
1466,curse,1
1467,lanthimos,1
1468,threadbare,1
1469,clockpuncher,1
1470,burroughs,1
1471,joan,1
1472,spite,1
1473,playing,1
1474,striking,1
1475,airborne,1
1476,subpar,1
1477,avail,1
1478,carefully,1
1479,jackson,1
1480,officially,1
1481,profanity,1
1482,offputting,1
1483,avoid,1
1484,balance,1
1485,unreliable,1
1486,nuclear,1
1487,conflicts,1
1488,potential,1
1489,highoctane,1
1490,decubellis,1
1491,ken,1
1492,acute,1
1493,cramming,1
1494,paid,1
1495,acre,1
1496,body,1
1497,issues,1
1498,battling,1
1499,maggie,1
1500,ponderousness,1
1501,relatively,1
1502,within,1
1503,invisible,1
1504,chill,1
1505,unholy,1
1506,wiig,1
1507,garden,1
1508,painfully,1
1509,cultural,1
1510,tribute,1
1511,significance,1
1512,bunch,1
1513,pearce,1
1514,practically,1
1515,partners,1
1516,bulk,1
1517,fascinating,1
1518,reason,1
1519,excusing,1
1520,trout,1
1521,rapper,1
1522,unyielding,1
1523,basketball,1
1524,eat,1
1525,zippy,1
1526,esoteric,1
1527,intends,1
1528,julianne,1
1529,unappealing,1
1530,blood,1
1531,madison,1
1532,adapting,1
1533,zhang,1
1534,excited,1
1535,somehow,1
1536,sophistication,1
1537,nut,1
1538,gibsons,1
1539,refuse,1
1540,pieces,1
1541,centers,1
1542,shohan,1
1543,selections,1
1544,slog,1
1545,defiance,1
1546,robert,1
1547,damsels,1
1548,suffering,1
1549,temple,1
1550,gangster,1
1551,notes,1
1552,watered,1
1553,becoming,1
1554,recruited,1
1555,creaturesinwaiting,1
1556,dramatically,1
1557,glum,1
1558,scrubbed,1
1559,clovers,1
1560,please,1
1561,chickflick,1
1562,control,1
1563,coopers,1
1564,documentaries,1
1565,bum,1
1566,experienced,1
1567,unrelenting,1
1568,max,1
1569,rancid,1
1570,cracking,1
1571,domhnall,1
1572,effusions,1
1573,astaire,1
1574,huge,1
1575,feverish,1
1576,opposite,1
1577,famously,1
1578,artists,1
1579,exploitation,1
1580,doubt,1
1581,education,1
1582,jigsaw,1
1583,dimension,1
1584,raises,1
1585,thirteen,1
1586,intriguing,1
1587,kanigels,1
1588,efforts,1
1589,potemkin,1
1590,sixth,1
1591,hepatitis,1
1592,jonesforidiots,1
1593,connect,1
1594,unable,1
1595,screenwriting,1
1596,involving,1
1597,thumbsucker,1
1598,entering,1
1599,baby,1
1600,brave,1
1601,selfsatisfied,1
1602,chases,1
1603,subtlety,1
1604,loyal,1
1605,wrecked,1
1606,groupies,1
1607,impenetrable,1
1608,oldwhiteguy,1
1609,duplass,1
1610,winner,1
1611,shimmer,1
1612,nod,1
1613,figured,1
1614,chasm,1
1615,irksome,1
1616,engineering,1
1617,milk,1
1618,riff,1
1619,joseph,1
1620,paper,1
1621,huckabees,1
1622,eggcoloured,1
1623,national,1
1624,shrieking,1
1625,fetishization,1
1626,stylistic,1
1627,deflate,1
1628,birds,1
1629,calling,1
1630,disneystyle,1
1631,succeeds,1
1632,resolution,1
1633,top,1
1634,rising,1
1635,park,1
1636,tear,1
1637,annoyingly,1
1638,inserted,1
1639,wall,1
1640,contains,1
1641,eightfigure,1
1642,cd,1
1643,garners,1
1644,stylishness,1
1645,gazing,1
1646,vicious,1
1647,oils,1
1648,spencer,1
1649,cleverest,1
1650,expertise,1
1651,sight,1
1652,cleverly,1
1653,wellrendered,1
1654,onetrick,1
1655,leave,1
1656,forced,1
1657,laid,1
1658,nan,1
1659,filmgoers,1
1660,onedimensional,1
1661,alternatives,1
1662,later,1
1663,larry,1
1664,seldom,1
1665,tacked,1
1666,likable,1
1667,provocative,1
1668,compared,1
1669,transporter,1
1670,struggle,1
1671,fantasyland,1
1672,torture,1
1673,collateral,1
1674,compresses,1
1675,discussions,1
1676,bull,1
1677,hurried,1
1678,appearance,1
1679,lumbering,1
1680,added,1
1681,radical,1
1682,exquisitely,1
1683,longer,1
1684,larger,1
1685,triple,1
1686,coming,1
1687,messy,1
1688,followed,1
1689,tricksy,1
1690,discovering,1
1691,glove,1
1692,album,1
1693,runins,1
1694,convincing,1
1695,gardner,1
1696,shanghaied,1
1697,sappy,1
1698,kittredge,1
1699,oceans,1
1700,formidable,1
1701,flatulence,1
1702,barrage,1
1703,altered,1
1704,15,1
1705,assault,1
1706,defeat,1
1707,entire,1
1708,rapidly,1
1709,insists,1
1710,firstrate,1
1711,smartphone,1
1712,exposition,1
1713,filmmaking,1
1714,innocent,1
1715,empire,1
1716,strike,1
1717,multiple,1
1718,amounting,1
1719,weve,1
1720,salesman,1
1721,captain,1
1722,janicza,1
1723,feints,1
1724,peppered,1
1725,merit,1
1726,waned,1
1727,reimagined,1
1728,viable,1
1729,perils,1
1730,chromite,1
1731,10,1
1732,bout,1
1733,droll,1
1734,realm,1
1735,conspicuously,1
1736,exit,1
1737,chews,1
1738,endearing,1
1739,veers,1
1740,mush,1
1741,gasoline,1
1742,grade,1
1743,blindness,1
1744,feast,1
1745,archetypal,1
1746,pursuing,1
1747,topdrawer,1
1748,flamboyantly,1
1749,specifically,1
1750,knights,1
1751,dawn,1
1752,others,1
1753,poise,1
1754,machinetooled,1
1755,mutating,1
1756,inferno,1
1757,despisable,1
1758,warmedover,1
1759,greatest,1
1760,worry,1
1761,horndogs,1
1762,saddled,1
1763,jon,1
1764,o,1
1765,footage,1
1766,hardworking,1
1767,stock,1
1768,holmes,1
1769,broadly,1
1770,similarly,1
1771,near,1
1772,graceless,1
1773,jeffrey,1
1774,muddled,1
1775,clue,1
1776,journey,1
1777,fang,1
1778,attendance,1
1779,chronicle,1
1780,dvd,1
1781,heigls,1
1782,abstract,1
1783,rubbing,1
1784,mills,1
1785,golden,1
1786,deliver,1
1787,pulverisation,1
1788,manchester,1
1789,distracts,1
1790,bravos,1
1791,alex,1
1792,allow,1
1793,steam,1
1794,missive,1
1795,vacuous,1
1796,shake,1
1797,lurid,1
1798,lord,1
1799,aspires,1
1800,existence,1
1801,yorgos,1
1802,gloomily,1
1803,simmba,1
1804,graham,1
1805,spends,1
1806,drifting,1
1807,robbie,1
1808,measure,1
1809,century,1
1810,worldchanging,1
1811,tourist,1
1812,technological,1
1813,captivating,1
1814,generatedimagery,1
1815,humour,1
1816,boyfriend,1
1817,insights,1
1818,observations,1
1819,underwritten,1
1820,awkward,1
1821,switched,1
1822,cukors,1
1823,smile,1
1824,bracing,1
1825,pass,1
1826,raid,1
1827,toward,1
1828,scientists,1
1829,disappointment,1
1830,extol,1
1831,pop,1
1832,frightfully,1
1833,rehearsal,1
1834,busting,1
1835,liberty,1
1836,younguns,1
1837,exhilarating,1
1838,von,1
1839,depleting,1
1840,rouge,1
1841,disservice,1
1842,maris,1
1843,punching,1
1844,oplevs,1
1845,gundebate,1
1846,claim,1
1847,pacino,1
1848,lovable,1
1849,unspools,1
1850,approximately,1
1851,buy,1
1852,decline,1
1853,student,1
1854,favoured,1
1855,henry,1
1856,whenever,1
1857,grieve,1
1858,potentially,1
1859,trivialize,1
1860,couching,1
1861,schmucks,1
1862,motives,1
1863,hound,1
1864,nearest,1
1865,incredible,1
1866,distance,1
1867,marty,1
1868,jets,1
1869,documentary,1
1870,mystical,1
1871,skill,1
1872,sensibilities,1
1873,snatched,1
1874,offend,1
1875,harvard,1
1876,scoring,1
1877,lose,1
1878,scott,1
1879,fest,1
1880,stalingrad,1
1881,rise,1
1882,repairing,1
1883,poverty,1
1884,shoe,1
1885,deers,1
1886,stakes,1
1887,drenched,1
1888,reagan,1
1889,peabrained,1
1890,rooting,1
1891,todd,1
1892,blowing,1
1893,aggravating,1
1894,actual,1
1895,rose,1
1896,concerned,1
1897,simplicity,1
1898,depending,1
1899,dramatization,1
1900,respect,1
1901,several,1
1902,gimmicky,1
1903,outbursts,1
1904,vocations,1
1905,contagious,1
1906,selfie,1
1907,pathologically,1
1908,result,1
1909,undersea,1
1910,lennons,1
1911,teeth,1
1912,require,1
1913,magazines,1
1914,seriously,1
1915,figure,1
1916,edgy,1
1917,stubby,1
1918,beholder,1
1919,worried,1
1920,justin,1
1921,moore,1
1922,trier,1
1923,obsessions,1
1924,saw,1
1925,debate,1
1926,margo,1
1927,emphasis,1
1928,descended,1
1929,return,1
1930,essex,1
1931,allowed,1
1932,grisly,1
1933,drops,1
1934,blah,1
1935,thou,1
1936,rental,1
1937,diarrhea,1
1938,monty,1
1939,question,1
1940,bipolar,1
1941,cathartic,1
1942,fantasy,1
1943,warning,1
1944,crow,1
1945,singularly,1
1946,crooks,1
1947,actress,1
1948,realistic,1
1949,sassy,1
1950,paint,1
1951,presence,1
1952,filmmaker,1
1953,squeaky,1
1954,wachowski,1
1955,public,1
1956,drawings,1
1957,debacle,1
1958,rib,1
1959,charlotte,1
1960,mythos,1
1961,gears,1
1962,strikes,1
1963,matrix,1
1964,marvels,1
1965,freudian,1
1966,niels,1
1967,havent,1
1968,sexualized,1
1969,scattered,1
1970,equivalent,1
1971,superbad,1
1972,carry,1
1973,macbeths,1
1974,exhausting,1
1975,peacethroughstrengthmanchurian,1
1976,forgotten,1
1977,blackmail,1
1978,horns,1
1979,infomercial,1
1980,goforbroke,1
1981,kevin,1
1982,holds,1
1983,luxury,1
1984,cause,1
1985,bathos,1
1986,videogame,1
1987,mainly,1
1988,france,1
1989,elegant,1
1990,emotions,1
1991,cheesy,1
1992,ferrell,1
1993,gem,1
1994,elle,1
1995,alvarezs,1
1996,adr,1
1997,firework,1
1998,seventyfive,1
1999,bitterly,1
2000,evils,1
2001,business,1
2002,plate,1
2003,cables,1
2004,declares,1
2005,egregiously,1
2006,flirting,1
2007,kate,1
2008,switcheroos,1
2009,lovely,1
2010,bucks,1
2011,sweat,1
2012,wrapped,1
2013,quick,1
2014,stripper,1
2015,ritchies,1
2016,features,1
2017,actor,1
2018,execution,1
2019,slob,1
2020,touching,1
2021,circumstances,1
2022,foot,1
2023,daylewiss,1
2024,nothalfbad,1
2025,strangely,1
2026,sophisticated,1
2027,news,1
2028,course,1
2029,impressive,1
2030,third,1
2031,wallow,1
2032,sphere,1
2033,urbanites,1
2034,eloquence,1
2035,appreciate,1
2036,lohans,1
2037,mounting,1
2038,brother,1
2039,unmistakable,1
2040,himmatwala,1
2041,respected,1
2042,susceptibility,1
2043,vibes,1
2044,ilk,1
2045,bennett,1
2046,unlikability,1
2047,2015,1
2048,barren,1
2049,thrillers,1
2050,trajectory,1
2051,west,1
2052,hatcher,1
2053,jokey,1
2054,weaknesses,1
2055,wackiness,1
2056,creatures,1
2057,inception,1
2058,nonsensical,1
2059,googling,1
2060,puppy,1
2061,legitimate,1
2062,niceness,1
2063,wants,1
2064,theaters,1
2065,costar,1
2066,mildly,1
2067,abstemious,1
2068,travesty,1
2069,hoodwinked,1
2070,everyday,1
2071,blonde,1
2072,incidents,1
2073,diagnosis,1
2074,helen,1
2075,smug,1
2076,talking,1
2077,modestly,1
2078,breakdown,1
2079,cartoonish,1
2080,cash,1
2081,dismiss,1
2082,marries,1
2083,krueger,1
2084,benefits,1
2085,put,1
2086,fades,1
2087,fights,1
2088,wrongheaded,1
2089,kit,1
2090,cherie,1
2091,paths,1
2092,porto,1
2093,submergence,1
2094,pirates,1
2095,howard,1
2096,cease,1
2097,declared,1
2098,pursuits,1
2099,manage,1
2100,patrice,1
2101,romcom,1
2102,launchs,1
2103,dullness,1
2104,besson,1
2105,distinguishes,1
2106,poll,1
2107,brash,1
2108,perceives,1
2109,bright,1
2110,sluggish,1
2111,truth,1
2112,sound,1
2113,voorhees,1
2114,celeste,1
2115,assassin,1
2116,physicality,1
2117,chastain,1
2118,packs,1
2119,wring,1
2120,rhythm,1
2121,nil,1
2122,drab,1
2123,intelligence,1
2124,nude,1
2125,dies,1
2126,distinguished,1
2127,pink,1
2128,deadend,1
2129,mars,1
2130,fodder,1
2131,delivery,1
2132,coexist,1
2133,fart,1
2134,cacophonous,1
2135,byrne,1
2136,pithier,1
2137,diverting,1
2138,limitations,1
2139,nurseries,1
2140,flimsy,1
2141,masterpiece,1
2142,uh,1
2143,cannibalized,1
2144,grim,1
2145,type,1
2146,hood,1
2147,stays,1
2148,caring,1
2149,swedish,1
2150,characterization,1
2151,beholden,1
2152,adult,1
2153,charms,1
2154,wrinkly,1
2155,colossal,1
2156,already,1
2157,cloying,1
2158,dumber,1
2159,ignored,1
2160,waxed,1
2161,former,1
2162,bythenumbers,1
2163,curiosity,1
2164,record,1
2165,intermittently,1
2166,criticize,1
2167,etc,1
2168,document,1
2169,padding,1
2170,frustratingly,1
2171,protagonists,1
2172,selfindulgence,1
2173,memories,1
2174,keatons,1
2175,cary,1
2176,cancels,1
2177,anyones,1
2178,lots,1
2179,ballast,1
2180,brown,1
2181,commercialminded,1
2182,today,1
2183,fall,1
2184,bond,1
2185,princess,1
2186,relationships,1
2187,players,1
2188,defiant,1
2189,veteran,1
2190,captivity,1
2191,arch,1
2192,absurdly,1
2193,americas,1
2194,dated,1
2195,novel,1
2196,gracelessly,1
2197,goof,1
2198,exotic,1
2199,planned,1
2200,pulitzer,1
2201,central,1
2202,innocence,1
2203,battleship,1
2204,traditional,1
2205,everybody,1
2206,conversation,1
2207,planet,1
2208,cutrate,1
2209,survive,1
2210,baldly,1
2211,captors,1
2212,choppy,1
2213,designer,1
2214,antisex,1
2215,touches,1
2216,righteousness,1
2217,moors,1
2218,figures,1
2219,intimidation,1
2220,chick,1
2221,crash,1
2222,ireprovoking,1
2223,hooligan,1
2224,pursuit,1
2225,pixels,1
2226,frame,1
2227,hostile,1
2228,grinding,1
2229,drudgery,1
2230,mud,1
2231,flower,1
2232,accommodate,1
2233,derek,1
2234,chicks,1
2235,imaginative,1
2236,cinematography,1
2237,petfriendly,1
2238,fits,1
2239,succession,1
2240,ardent,1
2241,swordandsorcery,1
2242,massive,1
2243,disposal,1
2244,blogosphere,1
2245,follow,1
2246,unapologetically,1
2247,gaspassing,1
2248,ghoulish,1
2249,nationwide,1
2250,soundtrack,1
2251,quickly,1
2252,million,1
2253,jeff,1
2254,honorable,1
2255,ted,1
2256,gritty,1
2257,domestic,1
2258,voiceover,1
2259,endlessly,1
2260,utterly,1
2261,movieish,1
2262,buck,1
2263,survives,1
2264,virginwhore,1
2265,shyamalans,1
2266,trippy,1
2267,observing,1
2268,whodunit,1
2269,events,1
2270,intense,1
2271,year,1
2272,pacing,1
2273,dunderheaded,1
2274,subtext,1
2275,pounds,1
2276,ironically,1
2277,date,1
2278,werewolf,1
2279,suckers,1
2280,composed,1
2281,ancestors,1
2282,gleeson,1
2283,moves,1
2284,whales,1
2285,lows,1
2286,expository,1
2287,walking,1
2288,usual,1
2289,bothered,1
2290,cosplay,1
2291,guilty,1
2292,outline,1
2293,flashbacks,1
2294,office,1
2295,stockbroker,1
2296,dogs,1
2297,labyrinthine,1
2298,adopts,1
2299,breadth,1
2300,fincher,1
2301,explanatory,1
2302,color,1
2303,91,1
2304,generally,1
2305,suggest,1
2306,continues,1
2307,boxoffice,1
2308,inspiration,1
2309,leguizamo,1
2310,cheery,1
2311,onehour,1
2312,plummets,1
2313,underachieving,1
2314,duds,1
2315,indiana,1
2316,futility,1
2317,screwball,1
2318,digital,1
2319,lifting,1
2320,covering,1
2321,strangest,1
2322,dares,1
2323,pottylevel,1
2324,van,1
2325,conveys,1
2326,fond,1
2327,pricey,1
2328,cohesive,1
2329,spell,1
2330,lousy,1
2331,oxygen,1
2332,famous,1
2333,context,1
2334,broadcast,1
2335,distinctive,1
2336,absolute,1
2337,returns,1
2338,delicate,1
2339,ensuing,1
2340,combat,1
2341,ingredients,1
2342,overdone,1
2343,cutesy,1
2344,prejudice,1
2345,consistent,1
2346,aldrichs,1
2347,search,1
2348,rely,1
2349,packed,1
2350,imprint,1
2351,seediest,1
2352,cgi,1
2353,yorks,1
2354,punisher,1
2355,philosophies,1
2356,infinity,1
2357,scoundrels,1
2358,physical,1
2359,permeating,1
2360,25,1
2361,availableem,1
2362,disheartening,1
2363,clone,1
2364,abominably,1
2365,playwright,1
2366,families,1
2367,finale,1
2368,housebound,1
2369,dog,1
2370,limping,1
2371,mindnumbing,1
2372,egoyan,1
2373,happened,1
2374,differently,1
2375,currans,1
2376,billionaire,1
2377,coffeefueled,1
2378,payoffs,1
2379,redundant,1
2380,mummy,1
2381,muscle,1
2382,questionposing,1
2383,galaxy,1
2384,popcorn,1
2385,rules,1
2386,doubledealing,1
2387,victims,1
2388,crapped,1
2389,uss,1
2390,david,1
2391,atypical,1
2392,gloomy,1
2393,phil,1
2394,fanciful,1
2395,hence,1
2396,prisoner,1
2397,1,1
2398,olympus,1
2399,juiceless,1
2400,oh,1
2401,trust,1
2402,producer,1
2403,fluffy,1
2404,turgid,1
2405,tracing,1
2406,workthat,1
2407,hader,1
2408,appears,1
2409,novelty,1
2410,pecking,1
2411,depth,1
2412,reductions,1
2413,injustice,1
2414,british,1
2415,saints,1
2416,excitement,1
2417,effectively,1
2418,posey,1
2419,jasons,1
2420,resort,1
2421,behave,1
2422,yearn,1
2423,mobsters,1
2424,practitioners,1
2425,redstate,1
2426,chasing,1
2427,tiger,1
2428,hair,1
2429,dystopian,1
2430,inconsistent,1
2431,labored,1
2432,modernday,1
2433,fassbenders,1
2434,painstaking,1
2435,weak,1
2436,v,1
2437,saves,1
2438,nypd,1
2439,par,1
2440,pace,1
2441,liberal,1
2442,exclamation,1
2443,fiddle,1
2444,lady,1
2445,prochoice,1
2446,swine,1
2447,thomas,1
2448,unrealities,1
2449,meantime,1
2450,smiles,1
2451,yimou,1
2452,portrait,1
2453,soderbergh,1
2454,muddle,1
2455,epochs,1
2456,integrity,1
2457,uninvolved,1
2458,groundbreaking,1
2459,trains,1
2460,fizzling,1
2461,inconsequential,1
2462,bath,1
2463,genially,1
2464,woody,1
2465,malcolm,1
2466,twentyminute,1
2467,gore,1
2468,music,1
2469,pg,1
2470,manufacture,1
2471,products,1
2472,disappoint,1
2473,fromage,1
2474,prey,1
2475,dramas,1
2476,past,1
2477,complete,1
2478,spoofs,1
2479,endearingly,1
2480,tepid,1
2481,id,1
2482,heartwarming,1
2483,downward,1
2484,antic,1
2485,decide,1
2486,prevail,1
2487,aspirant,1
2488,pete,1
2489,electrifying,1
2490,dodge,1
2491,hulk,1
2492,selfawareness,1
2493,bummer,1
2494,christmas,1
2495,extra,1
2496,exhibits,1
2497,collision,1
2498,witchcraft,1
2499,network,1
2500,alas,1
2501,poseur,1
2502,squad,1
2503,scares,1
2504,caribbean,1
2505,macarons,1
2506,wastes,1
2507,sicko,1
2508,mockumentary,1
2509,driven,1
2510,stuffiness,1
2511,fdr,1
2512,stitched,1
2513,watchable,1
2514,arthouse,1
2515,imperatives,1
2516,predecessor,1
2517,shelf,1
2518,purpose,1
2519,akin,1
2520,wolfes,1
2521,harlon,1
2522,andrew,1
2523,unexpected,1
2524,muffled,1
2525,straight,1
2526,tie,1
2527,hannibal,1
2528,rubiks,1
2529,commercial,1
2530,undermine,1
2531,luridly,1
2532,cannibal,1
2533,tweedy,1
2534,risk,1
2535,corporations,1
2536,depict,1
2537,exercises,1
2538,animal,1
2539,pairing,1
2540,enquiry,1
2541,recruit,1
2542,joys,1
2543,awful,1
2544,glenn,1
2545,backstory,1
2546,featuring,1
2547,insipid,1
2548,surpasses,1
2549,everything,1
2550,parody,1
2551,hollow,1
2552,status,1
2553,thieves,1
2554,odds,1
2555,losses,1
2556,marshall,1
2557,sharks,1
2558,barbwire,1
2559,challenging,1
2560,newlyweds,1
2561,wowfactor,1
2562,dinner,1
2563,elegance,1
2564,worryingly,1
2565,allen,1
2566,woebegone,1
2567,scores,1
2568,rate,1
2569,frustrating,1
2570,met,1
2571,ford,1
2572,offhanded,1
2573,ended,1
2574,adolescence,1
2575,superhero,1
2576,gravity,1
2577,depression,1
2578,evenings,1
2579,desist,1
2580,arden,1
2581,nasty,1
2582,keaton,1
2583,transcends,1
2584,complexity,1
2585,girlfriend,1
2586,beck,1
2587,cred,1
2588,exploiting,1
2589,transitioning,1
2590,cruel,1
2591,crew,1
2592,muslim,1
2593,machine,1
2594,prescriptiondrug,1
2595,tying,1
2596,bowl,1
2597,casting,1
2598,sociopolitical,1
2599,indentation,1
2600,harmless,1
2601,half,1
2602,scramble,1
2603,cgiheavy,1
2604,detectives,1
2605,onslaught,1
2606,hitchhiking,1
2607,forever,1
2608,ennuiinflicted,1
2609,theyll,1
2610,lesser,1
2611,disappointingly,1
2612,young,1
2613,margot,1
2614,photography,1
2615,happyeverafter,1
2616,youve,1
2617,lobster,1
2618,dehumanizing,1
2619,vied,1
2620,voice,1
2621,hybrid,1
2622,bitter,1
2623,asset,1
2624,nevertheless,1
2625,vanity,1
2626,sickening,1
2627,narcissistic,1
2628,novelist,1
2629,spent,1
2630,camera,1
2631,charges,1
2632,attraction,1
2633,strains,1
2634,motions,1
2635,halfasleep,1
2636,strip,1
2637,choice,1
2638,vaughn,1
2639,fairness,1
2640,unstable,1
2641,tethered,1
2642,charitably,1
2643,hytner,1
2644,grail,1
2645,operation,1
2646,fashionably,1
2647,easter,1
2648,scarcely,1
2649,resounding,1
2650,anywhere,1
2651,size,1
2652,tense,1
2653,fulfill,1
2654,listless,1
2655,pulls,1
2656,ending,1
2657,nazis,1
2658,weirdness,1
2659,dialect,1
2660,crux,1
2661,georgetown,1
2662,house,1
2663,depend,1
2664,cogs,1
2665,skin,1
2666,selfdoubt,1
2667,indiehipster,1
2668,cruise,1
2669,boyle,1
2670,brady,1
2671,probe,1
2672,robots,1
2673,upgrade,1
2674,impropriety,1
2675,spin,1
2676,joint,1
2677,gouge,1
2678,vile,1
2679,detrimental,1
2680,athletes,1
2681,strenuous,1
2682,capture,1
2683,computergenerated,1
2684,peters,1
2685,bloated,1
2686,squirrelbusting,1
2687,plausibility,1
2688,leaving,1
2689,expensive,1
2690,almighty,1
2691,mindaltering,1
2692,single,1
2693,protect,1
2694,raggedy,1
2695,nose,1
2696,rehash,1
2697,fuse,1
2698,diabolical,1
2699,failing,1
2700,quirk,1
2701,eccentric,1
2702,laughed,1
2703,interrupted,1
2704,aptly,1
2705,unhip,1
2706,accomplish,1
2707,start,1
2708,overstated,1
2709,gimmicks,1
2710,cameos,1
2711,willing,1
2712,passengers,1
2713,resources,1
2714,starving,1
2715,buried,1
2716,eachs,1
2717,knuckle,1
2718,opportunity,1
2719,puts,1
2720,suffers,1
2721,dud,1
2722,ballad,1
2723,appall,1
2724,bullies,1
2725,winged,1
2726,shouty,1
2727,terrorists,1
2728,modernization,1
2729,trite,1
2730,examining,1
2731,narratively,1
2732,enigmatic,1
2733,blart,1
2734,generations,1
2735,cry,1
2736,killed,1
2737,tread,1
2738,tucker,1
2739,forgive,1
2740,cartoon,1
2741,upper,1
2742,humanityversusbestiary,1
2743,admire,1
2744,fantastic,1
2745,characterized,1
2746,absurdist,1
2747,hope,1
2748,produced,1
2749,generates,1
2750,novellas,1
2751,civilization,1
2752,beats,1
2753,cage,1
2754,dictum,1
2755,timing,1
2756,plotline,1
2757,secrets,1
2758,pleasure,1
2759,humorless,1
2760,battled,1
2761,excuse,1
2762,collaborate,1
2763,haggiss,1
2764,applauseworthy,1
2765,sewsew,1
2766,eye,1
2767,adults,1
2768,trouble,1
2769,evangeline,1
2770,ickysticky,1
2771,hate,1
2772,explosive,1
2773,unrelentingly,1
2774,directors,1
2775,raise,1
2776,devoid,1
2777,succeed,1
2778,snow,1
2779,generic,1
2780,buster,1
2781,upturned,1
2782,candidate,1
2783,laughing,1
2784,anecdotes,1
2785,needs,1
2786,delicious,1
2787,tiptop,1
2788,herefor,1
2789,childdirected,1
2790,bringing,1
2791,gain,1
2792,hunk,1
2793,earth,1
2794,plagued,1
2795,caan,1
2796,fragments,1
2797,oeuvre,1
2798,naturally,1
2799,unfunnyness,1
2800,charisma,1
2801,tirade,1
2802,matthews,1
2803,soldiers,1
2804,disarming,1
2805,paris,1
2806,halfwitted,1
2807,credibility,1
2808,explosion,1
2809,heels,1
2810,valkyrie,1
2811,stupendous,1
2812,incoherent,1
2813,olsen,1
2814,adrenaline,1
2815,lore,1
2816,reflection,1
2817,tight,1
2818,111minute,1
2819,astonishing,1
2820,ice,1
2821,crucial,1
2822,pageants,1
2823,present,1
2824,ads,1
2825,tango,1
2826,wreck,1
2827,lessereffort,1
2828,titles,1
2829,syrup,1
2830,explosions,1
2831,obsession,1
2832,poster,1
2833,charlies,1
2834,navigate,1
2835,territory,1
2836,cat,1
2837,schizophrenic,1
2838,senses,1
2839,improbable,1
2840,naiveté,1
2841,authorities,1
2842,untidy,1
2843,encores,1
2844,thematically,1
2845,accomplished,1
2846,unwise,1
2847,1974,1
2848,leconte,1
2849,lies,1
2850,seasons,1
2851,buttonpushing,1
2852,disappointed,1
2853,hit,1
2854,true,1
2855,august,1
2856,fan,1
2857,stab,1
2858,subplot,1
2859,seven,1
2860,escapade,1
2861,ahead,1
2862,cloyingly,1
2863,comedic,1
2864,artistry,1
2865,words,1
2866,bitty,1
2867,books,1
2868,screaming,1
2869,fonder,1
2870,highstakes,1
2871,tough,1
2872,loose,1
2873,squeamish,1
2874,elephant,1
2875,caricature,1
2876,metaphor,1
2877,burps,1
2878,zak,1
2879,uplifting,1
2880,unaware,1
2881,unlikely,1
2882,rings,1
2883,law,1
2884,burial,1
2885,editing,1
2886,michael,1
2887,hodgepodge,1
2888,transfiguring,1
2889,compelled,1
2890,accompanying,1
2891,dreadful,1
2892,resent,1
2893,particular,1
2894,drivel,1
2895,eastwood,1
2896,sweeter,1
2897,himalayan,1
2898,claims,1
2899,illustrates,1
2900,remains,1
2901,print,1
2902,feeling,1
2903,angels,1
2904,prank,1
2905,vin,1
2906,teens,1
2907,thousand,1
2908,tragedy,1
2909,flawed,1
2910,disposable,1
2911,reservations,1
2912,instances,1
2913,speed,1
2914,climactic,1
2915,messing,1
2916,surprised,1
2917,renner,1
2918,plotcompressing,1
2919,happy,1
2920,tactile,1
2921,singular,1
2922,slow,1
2923,seriousness,1
2924,adaptations,1
2925,johnmellancampy,1
2926,enlighten,1
2927,lawrence,1
2928,scruggs,1
2929,radicalism,1
2930,ensure,1
2931,nonsense,1
2932,remember,1
2933,william,1
2934,gimmick,1
2935,implausibilities,1
2936,gangly,1
2937,cops,1
2938,newnew,1
2939,inserting,1
2940,ground,1
2941,chauffeurs,1
2942,wildlife,1
2943,citizenship,1
2944,spunsugar,1
2945,tonally,1
2946,murderous,1
2947,skim,1
2948,shame,1
2949,scenario,1
2950,niespel,1
2951,taliban,1
2952,lars,1
2953,romero,1
2954,translation,1
2955,dressup,1
2956,reserved,1
2957,dozen,1
2958,immortals,1
2959,melodramatic,1
2960,dea,1
2961,punk,1
2962,writer,1
2963,usually,1
2964,mccall,1
2965,downs,1
2966,storm,1
2967,throws,1
2968,cooked,1
2969,odenkirk,1
2970,radcliffe,1
2971,meanspirited,1
2972,promised,1
2973,playful,1
2974,hepburn,1
2975,easier,1
2976,shine,1
2977,2013s,1
2978,lee,1
2979,bow,1
2980,slicksuited,1
2981,paintbynumbers,1
2982,upon,1
2983,grumpy,1
2984,logjam,1
2985,ratatouille,1
2986,independent,1
2987,tendency,1
2988,contributing,1
2989,skit,1
2990,sanity,1
2991,lowlife,1
2992,endings,1
2993,array,1
2994,desiring,1
2995,startling,1
2996,economic,1
2997,formless,1
2998,heck,1
2999,tragically,1
3000,crude,1
3001,beentheredonethat,1
3002,wang,1
3003,pride,1
3004,fetishism,1
3005,fast,1
3006,reasonably,1
3007,zoolander,1
3008,writing,1
3009,titillating,1
3010,across,1
3011,ms,1
3012,logic,1
3013,nuances,1
3014,cliché,1
3015,screenplays,1
3016,impress,1
3017,wiseau,1
3018,succeeded,1
3019,killers,1
3020,glovesoff,1
3021,grip,1
3022,keyboard,1
3023,worthless,1
3024,package,1
3025,cliched,1
3026,nuanced,1
3027,lingering,1
3028,airy,1
3029,mccarthy,1
3030,pulled,1
3031,thankfully,1
3032,robber,1
3033,fade,1
3034,constant,1
3035,ridiculously,1
3036,jessica,1
3037,hog,1
3038,partially,1
3039,draw,1
3040,mike,1
3041,uncinematic,1
3042,depicted,1
3043,stale,1
3044,bends,1
3045,pleasant,1
3046,join,1
3047,actionerassembly,1
3048,predictability,1
3049,looming,1
3050,incomparable,1
3051,pushes,1
3052,endurance,1
3053,assuming,1
3054,daring,1
3055,brainless,1
3056,adam,1
3057,accept,1
3058,glossed,1
3059,utmost,1
3060,initiated,1
3061,malles,1
3062,pigheaded,1
3063,secret,1
3064,retreat,1
3065,bank,1
3066,construction,1
3067,reviving,1
3068,slightly,1
3069,party,1
3070,nickelodeons,1
3071,stay,1
3072,proper,1
3073,partner,1
3074,used,1
3075,coach,1
3076,poetically,1
3077,sinker,1
3078,preachy,1
3079,ugliness,1
3080,wayanses,1
3081,aged,1
3082,hubbaloo,1
3083,katherine,1
3084,epically,1
3085,snack,1
3086,anyway,1
3087,study,1
3088,presents,1
3089,lohan,1
3090,legacy,1
3091,aiming,1
3092,beloved,1
3093,overblown,1
3094,particularly,1
3095,firth,1
3096,pg13rated,1
3097,cringe,1
3098,gabfest,1
3099,smirk,1
3100,dense,1
3101,shock,1
3102,bomb,1
3103,brink,1
3104,laughable,1
3105,canyons,1
3106,lake,1
3107,jaguar,1
3108,achieve,1
3109,death,1
3110,bold,1
3111,overreaching,1
3112,maintain,1
3113,winning,1
3114,beautifully,1
3115,hawn,1
3116,condescending,1
3117,unblemished,1
3118,dominic,1
3119,incarnation,1
3120,rife,1
3121,treasure,1
3122,misstep,1
3123,sgt,1
3124,dresses,1
3125,climbing,1
3126,strongest,1
3127,ironic,1
3128,perform,1
3129,possible,1
3130,furiously,1
3131,competent,1
3132,enthralled,1
3133,sin,1
3134,modest,1
3135,extraordinarily,1
3136,deliberately,1
3137,homage,1
3138,maine,1
3139,four,1
3140,magnetism,1
3141,caprice,1
3142,katie,1
3143,hardly,1
3144,wasted,1
3145,jodie,1
3146,camp,1
3147,distasteful,1
3148,onejoke,1
3149,assailing,1
3150,rights,1
3151,expressionist,1
3152,adhere,1
3153,oscarwinning,1
3154,fukunaga,1
3155,friendship,1
3156,mindboggling,1
3157,brand,1
3158,setup,1
3159,evoke,1
3160,reese,1
3161,trunk,1
3162,allows,1
3163,pectorals,1
3164,vacation,1
3165,proof,1
3166,bill,1
3167,basic,1
3168,welltimed,1
3169,undone,1
3170,front,1
3171,coating,1
3172,global,1
3173,designed,1
3174,daringly,1
3175,greyeyes,1
3176,urgency,1
3177,retains,1
3178,aisleto,1
3179,funnier,1
3180,created,1
3181,tchotchke,1
3182,losing,1
3183,scraps,1
3184,obsessed,1
3185,undeserved,1
3186,diary,1
3187,amiable,1
3188,collection,1
3189,revulsion,1
3190,unchanged,1
3191,mortal,1
3192,raucously,1
3193,unsettling,1
3194,linen,1
3195,doo,1
3196,tenminutes,1
3197,movements,1
3198,garner,1
3199,dishonesty,1
3200,hunter,1
3201,disaster,1
3202,preteens,1
3203,talks,1
3204,exacerbated,1
3205,clichéd,1
3206,insufficiently,1
3207,gutted,1
3208,cooking,1
3209,pool,1
3210,bottle,1
3211,shortstorytype,1
3212,sometime,1
3213,conclusion,1
3214,depths,1
3215,haunted,1
3216,founders,1
3217,iraq,1
3218,daunting,1
3219,places,1
3220,proposed,1
3221,crashes,1
3222,blurs,1
3223,indie,1
3224,expanded,1
3225,performed,1
3226,tortures,1
3227,intentional,1
3228,contrivances,1
3229,mention,1
3230,subsumed,1
3231,collapses,1
3232,probable,1
3233,harrison,1
3234,scatological,1
3235,concentrating,1
3236,reminiscent,1
3237,managed,1
3238,instant,1
3239,lethargic,1
3240,dogtooth,1
3241,anybody,1
3242,duck,1
3243,marginal,1
3244,increasingly,1
3245,junk,1
3246,jenna,1
3247,instruments,1
3248,myth,1
3249,rapid,1
3250,disappears,1
3251,believing,1
3252,jumping,1
3253,eons,1
3254,cultured,1
3255,intended,1
3256,solve,1
3257,heroes,1
3258,reveal,1
3259,mindless,1
3260,historical,1
3261,amorous,1
3262,visually,1
3263,hear,1
3264,teasing,1
3265,vincent,1
3266,slaughter,1
3267,greater,1
3268,advice,1
3269,unimaginative,1
3270,sega,1
3271,blending,1
3272,portent,1
3273,madefortv,1
3274,cannot,1
3275,previous,1
3276,calculated,1
3277,wellmade,1
3278,anachronistic,1
3279,ninja,1
3280,marigold,1
3281,weigh,1
3282,lest,1
3283,free,1
3284,guy,1
3285,icon,1
3286,ignores,1
3287,jesus,1
3288,maties,1
3289,shallowness,1
3290,myriad,1
3291,uniquely,1
3292,dreamworld,1
3293,psychosexual,1
3294,dressmaker,1
3295,details,1
3296,transformers,1
3297,adrift,1
3298,workings,1
3299,connection,1
3300,hemsworth,1
3301,dr,1
3302,lecter,1
3303,gotten,1
3304,wenders,1
3305,blend,1
3306,amusement,1
3307,gold,1
3308,climbs,1
3309,confident,1
3310,mocking,1
3311,liven,1
3312,stu,1
3313,mass,1
3314,avoided,1
3315,wars,1
3316,east,1
3317,overcome,1
3318,skyscraper,1
3319,boundaries,1
3320,boys,1
3321,distraction,1
3322,cuts,1
3323,twelve,1
3324,mumbly,1
3325,fuel,1
3326,replicate,1
3327,matt,1
3328,adams,1
3329,highspeed,1
3330,stretch,1
3331,raging,1
